{"cameraMode":{"drawMode":0,"name":"Shaded","section":"Shading Mode"},"sceneLighting":true,"audioPlay":false,"sceneViewState":{"showFog":true,"showMaterialUpdate":false,"showSkybox":true,"showFlares":true,"showImageEffects":true,"showParticleSystems":true},"in2DMode":false,"pivot":{"x":1.7215315103530884,"y":2.539372682571411,"z":-9.651216506958008},"rotation":{"x":0.7901896834373474,"y":-0.03208665922284126,"z":0.041523098945617679,"w":0.6106128692626953},"size":15.71925163269043,"orthographic":true}